,first_name,last_name,company_name,address,city,county,postal,phone1,phone2,email,web,full_name,domain,is_gmail
1,Evan,Zigomalas,Cap Gemini America,5 Binney St,Abbey Ward,Buckinghamshire,HP11 2AX,01937864715,01714737668,evan.zigomalas@gmail.com,http://www.capgeminiamerica.co.uk,Evan Zigomalas,gmail.com,True
11,Charlesetta,Erm,"Cain, John M Esq",5 Hygeia St,Loundsley Green Ward,Derbyshire,S40 4LY,01276816806,01517624517,charlesetta_erm@gmail.com,http://www.cainjohnmesq.co.uk,Charlesetta Erm,gmail.com,True
12,Corrinne,Jaret,Sound Vision Corp,2150 Morley St,Dee Ward,Dumfries and Galloway,DG8 7DE,01625932209,01642322954,corrinne_jaret@gmail.com,http://www.soundvisioncorp.co.uk,Corrinne Jaret,gmail.com,True
29,Karma,Quarto,J C S Machinery,1 Birkett St,Shard End Ward,West Midlands,B33 0NH,01857864722,01307667811,kquarto@gmail.com,http://www.jcsmachinery.co.uk,Karma Quarto,gmail.com,True
32,Milly,Savidge,Bridgeway Plan For Health,129 Alexander Pope St,Franche Ward,Hereford and Worcester,DY11 9BW,01702725589,01421132652,milly@gmail.com,http://www.bridgewayplanforhealth.co.uk,Milly Savidge,gmail.com,True
36,Margurite,Loperfido,Penrose Place Pharmacy Inc,218 Greenbank Drive,Devizes,Wiltshire,SN10 3DU,01407866759,01640661191,mloperfido@gmail.com,http://www.penroseplacepharmacyinc.co.uk,Margurite Loperfido,gmail.com,True
45,Melina,Orizabal,Sheraton Inn Ocean Front,3 Nevison St,Lymington And Pennington,Hampshire,SO41 1DL,01420307327,01245559333,melina@gmail.com,http://www.sheratoninnoceanfront.co.uk,Melina Orizabal,gmail.com,True
46,Tina,Clapham,Cooper Myers Y Co,5662 William Moult St,Aylesbury,Buckinghamshire,HP21 8PP,01567296442,01493245349,tclapham@gmail.com,http://www.coopermyersyco.co.uk,Tina Clapham,gmail.com,True
47,Luisa,Devereux,Cash 4 Checks,3 North View #35,Burmantofts And Richmond Hill,West Yorkshire,LS9 7JH,01607269930,01334807355,ldevereux@gmail.com,http://www.cashchecks.co.uk,Luisa Devereux,gmail.com,True
50,Alba,Mosseri,"Schwartzbard, Gail L Esq",4 Burnall St,Beeston West Ward,Nottinghamshire,NG9 1AE,01543198690,01231806535,alba@gmail.com,http://www.schwartzbardgaillesq.co.uk,Alba Mosseri,gmail.com,True
53,Dustin,Klingaman,Welders Supply,67 Micawber St,Brockley Ward,Greater London,SE14 6RQ,01712135466,01523775781,dklingaman@gmail.com,http://www.welderssupply.co.uk,Dustin Klingaman,gmail.com,True
61,Margarett,Bairo,"Reid, Carleton B Esq",3 August Rd,Maybury And Sheerwater Ward,Surrey,GU21 5QL,01670813697,01903424890,margarett@gmail.com,http://www.reidcarletonbesq.co.uk,Margarett Bairo,gmail.com,True
63,Sol,Cowser,Omni Mandalay,6448 Tillard St,Conisbrough And Denaby Ward,South Yorkshire,DN12 4JF,01412528394,01580134516,sol@gmail.com,http://www.omnimandalay.co.uk,Sol Cowser,gmail.com,True
64,Louann,Smethers,Lba Savings Bank,3055 Creswick St,Newbold And Brownsover Ward,Warwickshire,CV21 1LN,01670234959,01488872531,louann@gmail.com,http://www.lbasavingsbank.co.uk,Louann Smethers,gmail.com,True
66,Malika,Hanton,Association Of Art Museum Dir,1175 Greig St,St. Marys Ward,Greater Manchester,M25 0ZN,01532497454,01705208145,malika@gmail.com,http://www.associationofartmuseumdir.co.uk,Malika Hanton,gmail.com,True
68,Abraham,Cratch,"Cavuto, John A",41 Benedict St,Aldborough Ward,Greater London,IG2 7QG,01599245408,01695305111,acratch@gmail.com,http://www.cavutojohna.co.uk,Abraham Cratch,gmail.com,True
82,Juan,Vanwyhe,Office Service Co,5382 Redfern St,West End Ward,Greater London,W1J 0QH,01961642757,01728150282,juan_vanwyhe@gmail.com,http://www.officeserviceco.co.uk,Juan Vanwyhe,gmail.com,True
85,Eva,Joulwan,Central Hrdwr & Elec Corp,7 Lear Rd,Stroud,Hampshire,GU32 3PQ,01779720349,01961802899,eva.joulwan@gmail.com,http://www.centralhrdwreleccorp.co.uk,Eva Joulwan,gmail.com,True
87,Jeannetta,Coolidge,Tiny Tots Originals Div,761 Cockerell St #1,Midway Ward,Derbyshire,DE11 0HE,01927790069,01440276155,jeannetta_coolidge@gmail.com,http://www.tinytotsoriginalsdiv.co.uk,Jeannetta Coolidge,gmail.com,True
92,Malcom,Fleckles,L Winik & Associates Inc,8764 Nickleby St #877,Govan Ward,Glasgow City,G51 1BQ,01478110943,01937120539,malcom.fleckles@gmail.com,http://www.lwinikassociatesinc.co.uk,Malcom Fleckles,gmail.com,True
94,Leota,Fletchen,Rust Evader Corp,8880 Great Howard St #7750,Sefton,Merseyside,L29 7WD,01358446391,01414780251,lfletchen@gmail.com,http://www.rustevadercorp.co.uk,Leota Fletchen,gmail.com,True
95,Berry,Gutoski,Budget Annex,9 Oakleigh,Lancing,West Sussex,BN15 9BN,01448211489,01929400879,berry@gmail.com,http://www.budgetannex.co.uk,Berry Gutoski,gmail.com,True
98,Elsa,Delisle,Taos Valley Resort Assn,260 Saxon St,Brooklands Ward,Greater Manchester,M33 4BP,01537525550,01204471598,elsa_delisle@gmail.com,http://www.taosvalleyresortassn.co.uk,Elsa Delisle,gmail.com,True
102,Graham,Stanwick,Tiburon Pen Chmbr Commrce Inc,73 Hawkstone St,Renfrew South & Gallowhill War,Dunbartonshire,G52 4YG,01860191930,01409786106,gstanwick@gmail.com,http://www.tiburonpenchmbrcommrceinc.co.uk,Graham Stanwick,gmail.com,True
104,Lisbeth,Creecy,"Gerstenfeld, Gerald F Esq",484 Barry St,Shiney Row Ward,County Durham,DH4 7RG,01931620849,01825623398,lcreecy@gmail.com,http://www.gerstenfeldgeraldfesq.co.uk,Lisbeth Creecy,gmail.com,True
107,Alyssa,Ansbro,"Berg, Michael D Esq",85 Hero St,Stanhope,County Durham,DL13 2TZ,01632887825,01585967862,alyssa_ansbro@gmail.com,http://www.bergmichaeldesq.co.uk,Alyssa Ansbro,gmail.com,True
108,Kyoko,Mcmillian,Nature Conservancy,77 Reading St #8,North Tawton,Devon,EX20 2TR,01235173362,01371735347,kyoko_mcmillian@gmail.com,http://www.natureconservancy.co.uk,Kyoko Mcmillian,gmail.com,True
112,Lashawn,Ker,"Thornsjo, Dale O Esq",13 Nelson Rd,Filwood Ward,Bristol,BS4 1HT,01676780022,01470187069,lashawn.ker@gmail.com,http://www.thornsjodaleoesq.co.uk,Lashawn Ker,gmail.com,True
114,Whitney,Tishler,Clifford Standifer & Mcdowell,77 Mason St #650,Smallbridge And Firgrove Ward,Greater Manchester,OL16 3AW,01224605237,01948891701,whitney@gmail.com,http://www.cliffordstandifermcdowell.co.uk,Whitney Tishler,gmail.com,True
117,Frankie,Marruffo,Paralegal Personnel,52 Morningside Rd #1,Cilybebyll Community,Neath Port Talbot,SA8 3HE,01295678319,01966999493,fmarruffo@gmail.com,http://www.paralegalpersonnel.co.uk,Frankie Marruffo,gmail.com,True
118,Paola,Dease,Sunderland Publishing Co,94 Enid St,Birchington,Kent,CT7 9BG,01333642646,01419231768,pdease@gmail.com,http://www.sunderlandpublishingco.co.uk,Paola Dease,gmail.com,True
120,Luther,Alsman,Crossroads Travel Service Inc,227 Albert Terrace,Belvedere Ward,Greater London,DA17 6EF,01536639256,01494500403,luther@gmail.com,http://www.crossroadstravelserviceinc.co.uk,Luther Alsman,gmail.com,True
128,Melissia,Slotemaker,Twining Nemia & Steflik,83 St Johns Lane #43,Linlithgow Ward,West Lothian,EH49 7LS,01515360513,01936295031,mslotemaker@gmail.com,http://www.twiningnemiasteflik.co.uk,Melissia Slotemaker,gmail.com,True
132,Odette,Moussette,Village Business Center,216 Lissant St #8,Great Dunmow,Essex,CM6 1DQ,01712248851,01626260974,odette_moussette@gmail.com,http://www.villagebusinesscenter.co.uk,Odette Moussette,gmail.com,True
133,Hobert,Panfilov,"Carlin, Angela G Esq",92 Phythian St #614,Gweek,Cornwall,TR11 5RR,01245353227,01518554407,hobert@gmail.com,http://www.carlinangelagesq.co.uk,Hobert Panfilov,gmail.com,True
136,Desire,Barresi,Greater Cinc Schl Empl Crdt Un,428 Kearsley St,Hatton,Warwickshire,CV35 7UA,01819701096,01970482055,desire@gmail.com,http://www.greatercincschlemplcrdtun.co.uk,Desire Barresi,gmail.com,True
140,Nathan,Outhouse,Grt Amercn Fed Svngs & Ln Assn,293 Vivian St,South Jesmond Ward,Tyne and Wear,NE2 1EY,01555702650,01364499130,nathan.outhouse@gmail.com,http://www.grtamercnfedsvngslnassn.co.uk,Nathan Outhouse,gmail.com,True
142,Julie,Sakshaug,Newton Clerk,5 Shakspeare St #66,St. Johns Ward,Hereford and Worcester,B61 8HD,01225180983,01641570473,julie@gmail.com,http://www.newtonclerk.co.uk,Julie Sakshaug,gmail.com,True
144,Marisha,Wilcoxon,Young Door Company,52 Trowbridge St,Knightsbridge And Belgravia Wa,Greater London,SW1X 9HB,01257461104,01422891030,marisha.wilcoxon@gmail.com,http://www.youngdoorcompany.co.uk,Marisha Wilcoxon,gmail.com,True
147,Hubert,Mias,Chuckmaster Co,3614 Old Hall St #604,Fawley,Hampshire,SO45 2PT,01408965643,01857225719,hubert.mias@gmail.com,http://www.chuckmasterco.co.uk,Hubert Mias,gmail.com,True
149,Angelo,Lavista,Computemp,97 Newlands St,Kensington And Fairfield Ward,Merseyside,L6 9DU,01544247601,01210307796,angelo.lavista@gmail.com,http://www.computemp.co.uk,Angelo Lavista,gmail.com,True
152,Salley,Rieger,Barnett Industries Inc,1 Segrave St,Sutton Trinity Ward,West Midlands,B75 6HJ,01858162078,01992655281,salley.rieger@gmail.com,http://www.barnettindustriesinc.co.uk,Salley Rieger,gmail.com,True
155,Lino,Sutulovich,Sherpa Corp,55 Margaret Rd,Heaton Ward,"Yorkshire, West",BD9 4DA,01316590173,01980890046,lino.sutulovich@gmail.com,http://www.sherpacorp.co.uk,Lino Sutulovich,gmail.com,True
157,Gilbert,Langarica,Inter American Press Assn,82 Sinclair St,Bangor Community,Gwynedd,LL57 1DW,01455565046,01432324277,gilbert.langarica@gmail.com,http://www.interamericanpressassn.co.uk,Gilbert Langarica,gmail.com,True
160,Mauricio,Flam,"Callender, William C Esq",18 Nimrod St,Walney North Ward,Cumbria,LA14 3SJ,01640813748,01829160968,mflam@gmail.com,http://www.callenderwilliamcesq.co.uk,Mauricio Flam,gmail.com,True
162,Gilberto,Erixon,Advanced Data Systems,2258 Benedict St,Penryn,Cornwall,TR10 8RP,01582161403,01749718702,gerixon@gmail.com,http://www.advanceddatasystems.co.uk,Gilberto Erixon,gmail.com,True
170,Laila,Fend,Burlington Co Library,57 St Georges Hill,Crawcrook And Greenside Ward,Tyne and Wear,NE40 4LJ,01550206220,01624621665,lfend@gmail.com,http://www.burlingtoncolibrary.co.uk,Laila Fend,gmail.com,True
171,Bobbie,Guillereault,Geneva Woods Professional Ctr,385 Upper Hampton St #39,Southey Ward,South Yorkshire,S5 8LL,01496781616,01606682963,bguillereault@gmail.com,http://www.genevawoodsprofessionalctr.co.uk,Bobbie Guillereault,gmail.com,True
181,Kanisha,Difiora,"Mata, Mario A Esq",513 Bailey St,Bontnewydd Community,Gwynedd,LL54 7UP,01770697837,01426535429,kanisha@gmail.com,http://www.matamarioaesq.co.uk,Kanisha Difiora,gmail.com,True
182,Ayesha,Moeder,Meredith Paving Corp,620 Old Leeds St,Sheviock,Cornwall,PL11 3DF,01284871485,01800737237,ayesha@gmail.com,http://www.meredithpavingcorp.co.uk,Ayesha Moeder,gmail.com,True
190,Aleisha,Lemm,Pathe Cmptr Cntrl Systems Corp,341 Birchfield St,Wareham St. Martin,Dorset,BH16 6JJ,01341997268,01864899304,aleisha.lemm@gmail.com,http://www.pathecmptrcntrlsystemscorp.co.uk,Aleisha Lemm,gmail.com,True
198,Vashti,Sugai,Accurate Engraving Co,4 Candia St #6,Shipston On Stour,Warwickshire,CV36 4HE,01311723137,01528551210,vashti@gmail.com,http://www.accurateengravingco.co.uk,Vashti Sugai,gmail.com,True
199,Jordan,Handsaker,Shirleys Print Shoppe,2 Cherry Lane,Strood South Ward,Kent,ME2 2NJ,01793443665,01964984369,jordan_handsaker@gmail.com,http://www.shirleysprintshoppe.co.uk,Jordan Handsaker,gmail.com,True
207,Madalyn,Dubberly,L & M Industrial Chemicals Inc,1 Lower Burlington St,Northfleet South Ward,Kent,DA11 8RN,01974720949,01910745476,madalyn.dubberly@gmail.com,http://www.lmindustrialchemicalsinc.co.uk,Madalyn Dubberly,gmail.com,True
208,Santos,Signore,"Gallagher, John J Esq",4706 Chapel Place #5993,Steyning,West Sussex,BN44 3DF,01614431131,01670346228,santos@gmail.com,http://www.gallagherjohnjesq.co.uk,Santos Signore,gmail.com,True
212,Maia,Shadd,Pigeon Falls State Bank,8 Bigham Rd,Deal,Kent,CT14 9QJ,01950708083,01295412046,maia_shadd@gmail.com,http://www.pigeonfallsstatebank.co.uk,Maia Shadd,gmail.com,True
216,Nakita,Rodrigues,Richard Mulholland Prop Inc,4 Northbrook St #600,Edmonton Green Ward,Greater London,N18 2NF,01679150583,01607496390,nakita_rodrigues@gmail.com,http://www.richardmulhollandpropinc.co.uk,Nakita Rodrigues,gmail.com,True
217,Kattie,Ozane,"Page, Patricia A Esq",526 Liffey St #759,Westbury,Wiltshire,BA13 3QU,01322491007,01807524286,kozane@gmail.com,http://www.pagepatriciaaesq.co.uk,Kattie Ozane,gmail.com,True
220,Chan,Loftin,Hydrick Law Offices,84 Walton Village,Horfield Ward,Bristol,BS7 0AX,01507583669,01698163177,chan@gmail.com,http://www.hydricklawoffices.co.uk,Chan Loftin,gmail.com,True
223,Chantell,Besong,"Kelly, Mark C",11 Tetlow St,Parsons Green And Walham Ward,Greater London,SW6 4QP,01607329400,01218142767,chantell_besong@gmail.com,http://www.kellymarkc.co.uk,Chantell Besong,gmail.com,True
225,Hyun,Erdman,"Hall, Ronald A",1432 Rutland Ave,Uckfield,East Sussex,TN22 9EF,01594744010,01356404829,hyun@gmail.com,http://www.hallronalda.co.uk,Hyun Erdman,gmail.com,True
227,Elizabeth,Pata,"Hirsch, Henry L Esq",645 Lister Drive,Denwick,Northumberland,NE66 2LQ,01634662999,01571674820,elizabeth@gmail.com,http://www.hirschhenrylesq.co.uk,Elizabeth Pata,gmail.com,True
229,Alise,Packebush,Wnc Forklift Inc,22 Delamore St,Hereford,Hereford and Worcester,HR1 2EA,01266695304,01517702273,alise.packebush@gmail.com,http://www.wncforkliftinc.co.uk,Alise Packebush,gmail.com,True
231,Bonita,Sandblom,Transbay Steel Corp,22 Kilshaw St,Wimbledon Park Ward,Greater London,SW19 7DT,01989617161,01723502274,bsandblom@gmail.com,http://www.transbaysteelcorp.co.uk,Bonita Sandblom,gmail.com,True
234,Mari,Smeby,A B E Doors & Windows,4309 Chisenhale St,Rock,Hereford and Worcester,DY14 9XQ,01423202676,01733169475,msmeby@gmail.com,http://www.abedoorswindows.co.uk,Mari Smeby,gmail.com,True
235,Eleonora,Ventry,"Jackson, Donald M Esq",758 Woodhouse St,Soho Ward,West Midlands,B21 0UE,01966685595,01762396161,eleonora@gmail.com,http://www.jacksondonaldmesq.co.uk,Eleonora Ventry,gmail.com,True
236,Therese,Shiraki,Wuhf Fox 31,18 Ouse St,Oakridge And Castlefield Ward,Buckinghamshire,HP11 2PJ,01611691262,01703441371,tshiraki@gmail.com,http://www.wuhffox.co.uk,Therese Shiraki,gmail.com,True
240,Edward,Strejan,Kaysers Nutrition Center,1267 Audley St,Ise Lodge Ward,Northamptonshire,NN15 5DB,01242422459,01659505806,edward_strejan@gmail.com,http://www.kaysersnutritioncenter.co.uk,Edward Strejan,gmail.com,True
241,Christoper,Sheneman,"Jones, Brigham P Esq",845 Atherton St,Tatsfield,Kent,TN16 2AR,01455958797,01732922087,christoper@gmail.com,http://www.jonesbrighampesq.co.uk,Christoper Sheneman,gmail.com,True
248,Ty,Feeback,Barnett Travel,14 Landseer Rd,Nith Ward,Dumfries and Galloway,DG1 9SY,01964503521,01661450622,tfeeback@gmail.com,http://www.barnetttravel.co.uk,Ty Feeback,gmail.com,True
253,Gilberto,Feagins,"Finlay, Joseph B Jr",7643 Campbell St,Penge And Cator Ward,Greater London,BR3 1LT,01304758732,01315831243,gfeagins@gmail.com,http://www.finlayjosephbjr.co.uk,Gilberto Feagins,gmail.com,True
256,Queen,Leader,Ottumwa Glass Co,6 Princes St,East Kilbride West Ward,South Lanarkshire,G75 8YR,01567846944,01445288807,queen_leader@gmail.com,http://www.ottumwaglassco.co.uk,Queen Leader,gmail.com,True
266,Eliz,Strimple,Karl May General Contractor,82 Denison St #2642,Holyrood Ward,Greater Manchester,M25 1JB,01699467608,01844754890,eliz@gmail.com,http://www.karlmaygeneralcontractor.co.uk,Eliz Strimple,gmail.com,True
267,Laura,Gumaer,C Leasing Company,1779 Bird St,East Sheen Ward,Greater London,SW14 8JZ,01821208235,01798839362,laura_gumaer@gmail.com,http://www.cleasingcompany.co.uk,Laura Gumaer,gmail.com,True
271,Veronique,Nuckolls,Cinemax Cable Pay Tv Svce,198 Ranelagh Place,Central Buchan Ward,Aberdeenshire,AB43 6RD,01632762032,01699696279,vnuckolls@gmail.com,http://www.cinemaxcablepaytvsvce.co.uk,Veronique Nuckolls,gmail.com,True
272,Antonio,Villamarin,Combs Sheetmetal,353 Standish St #8264,Little Parndon And Hare Street,Hertfordshire,CM20 2HT,01559403415,01388777812,antonio.villamarin@gmail.com,http://www.combssheetmetal.co.uk,Antonio Villamarin,gmail.com,True
274,Roxanne,Hedegore,"Wallace, Bruce R Esq",592 Catharine St,Blantyre Ward,South Lanarkshire,G72 0RZ,01317299836,01512894063,roxanne_hedegore@gmail.com,http://www.wallacebruceresq.co.uk,Roxanne Hedegore,gmail.com,True
281,Olen,Ailey,"Shohet, Grace C Esq",9 Fielding St,Wombourne,Staffordshire,WV5 0BB,01654865551,01354169004,olen@gmail.com,http://www.shohetgracecesq.co.uk,Olen Ailey,gmail.com,True
287,Elliott,Kins,John Noda A Law Ofc Lawrence E,32 High Park St #44,St. Margarets With St. Nichola,Norfolk,PE30 1QE,01727926540,01422984862,elliott@gmail.com,http://www.johnnodaalawofclawrencee.co.uk,Elliott Kins,gmail.com,True
288,Leonie,Devereux,Mr Bar B Q Inc,88 Vernon St,Dunbar And East Linton Ward,East Lothian,EH42 1SJ,01515840778,01859764851,leonie_devereux@gmail.com,http://www.mrbarbqinc.co.uk,Leonie Devereux,gmail.com,True
291,Mignon,Luger,National Lime Association,80 Talbot St,Edgeley And Cheadle Heath Ward,Cheshire,SK3 9RD,01934252795,01491473626,mignon@gmail.com,http://www.nationallimeassociation.co.uk,Mignon Luger,gmail.com,True
292,Tu,Rivet,Gemini Hats & Accessories Inc,31 Buckingham Ave #3785,Cotham Ward,Bristol,BS6 5SR,01578744350,01577559109,tu_rivet@gmail.com,http://www.geminihatsaccessoriesinc.co.uk,Tu Rivet,gmail.com,True
304,Remedios,Arlinghaus,"Miller, Martin M Esq",9 Duckenfield St,Aldbrough,E Riding of Yorkshire,HU11 4QA,01536498792,01883435283,remedios.arlinghaus@gmail.com,http://www.millermartinmesq.co.uk,Remedios Arlinghaus,gmail.com,True
306,Denny,Casalenda,Ringo International Inc,75 Brewster St #453,Redlands Ward,Berkshire,RG1 5EX,01349134533,01589277770,dcasalenda@gmail.com,http://www.ringointernationalinc.co.uk,Denny Casalenda,gmail.com,True
312,Eleni,Vanscoik,"Simpson, Fred B Esq",9 Mather St,Sutton Vesey Ward,West Midlands,B73 6HH,01208373467,01628638196,eleni_vanscoik@gmail.com,http://www.simpsonfredbesq.co.uk,Eleni Vanscoik,gmail.com,True
314,Kina,Saltman,Mitchell Silliman Co Inc,29 Oregon St,Ruddington,Nottinghamshire,NG11 6JT,01515506025,01788849591,kina_saltman@gmail.com,http://www.mitchellsillimancoinc.co.uk,Kina Saltman,gmail.com,True
315,Jacki,Sterback,"Praver, David L Esq",15 East Albert Rd,Kingston Bagpuize With Southmo,Oxfordshire,OX13 5AW,01820396117,01935736077,jacki.sterback@gmail.com,http://www.praverdavidlesq.co.uk,Jacki Sterback,gmail.com,True
316,Fallon,Kerfoot,"Rotenstreich, H Andrew Esq",3186 Naylor St,Manor Castle Ward,South Yorkshire,S2 1HP,01538649750,01505472052,fallon.kerfoot@gmail.com,http://www.rotenstreichhandrewesq.co.uk,Fallon Kerfoot,gmail.com,True
318,Glory,Ona,Real Isle Properties,9830 Croxteth Rd,Pontefract North Ward,West Yorkshire,WF8 3YR,01469868357,01535699216,glory_ona@gmail.com,http://www.realisleproperties.co.uk,Glory Ona,gmail.com,True
319,Tamesha,Tyburski,"Liss, Amy Esq",1054 Gladys St,Bellshill Ward,North Lanarkshire,ML4 3EJ,01954979729,01834599647,tamesha.tyburski@gmail.com,http://www.lissamyesq.co.uk,Tamesha Tyburski,gmail.com,True
327,Alverta,Topete,National Catholic Reporter,328 Havelock St #61,Addlestone Bourneside Ward,Surrey,KT15 2NL,01685141932,01665348077,alverta.topete@gmail.com,http://www.nationalcatholicreporter.co.uk,Alverta Topete,gmail.com,True
335,Cristina,Marola,Pro Img Mktng & Pub Rel Inc,2449 Amberly St #6364,Temple Newsam Ward,West Yorkshire,LS15 0PQ,01264145506,01538230493,cmarola@gmail.com,http://www.proimgmktngpubrelinc.co.uk,Cristina Marola,gmail.com,True
337,Joaquin,Hysom,Sport Toyota,115 Lister Rd,Barnfield Ward,Lancashire,BB5 2EY,01616548910,01475223867,jhysom@gmail.com,http://www.sporttoyota.co.uk,Joaquin Hysom,gmail.com,True
338,Kerrie,Makuch,Kinkos Copies,7855 Sir Thomas St #7499,Calstock,Cornwall,PL17 8AR,01854749084,01966883088,kmakuch@gmail.com,http://www.kinkoscopies.co.uk,Kerrie Makuch,gmail.com,True
344,Maryln,Mortenson,"Mullins, Glen Esq",76 Paulton St,Lancaster Gate Ward,Greater London,W2 3JT,01618628525,01421574935,maryln@gmail.com,http://www.mullinsglenesq.co.uk,Maryln Mortenson,gmail.com,True
345,Pearlie,Flori,Marine Safety International,4 Cochrane St,Iwade,Kent,ME9 8UJ,01235935599,01583844244,pearlie_flori@gmail.com,http://www.marinesafetyinternational.co.uk,Pearlie Flori,gmail.com,True
350,Berry,Scandalis,American Fine Foods Inc,4 Vivian St,Corporation Park Ward,Lancashire,BB2 6LB,01379603039,01375150068,berry.scandalis@gmail.com,http://www.americanfinefoodsinc.co.uk,Berry Scandalis,gmail.com,True
351,Kaycee,Carsten,Dohn Law Offices Inc Ps,35 Dublin St,Cirencester,Gloucestershire,GL7 2EY,01270893129,01837463418,kaycee.carsten@gmail.com,http://www.dohnlawofficesincps.co.uk,Kaycee Carsten,gmail.com,True
354,Eugene,Pelzer,Fashion Corner Inc,622 Holmes St,Heath Town Ward,Staffordshire,WV10 0AW,01839920108,01413591144,eugene_pelzer@gmail.com,http://www.fashioncornerinc.co.uk,Eugene Pelzer,gmail.com,True
356,Noel,Sarra,Orkin Exterminating Co Inc,2 Cockburn St,Seaham,County Durham,SR7 0AR,01868736780,01874679913,nsarra@gmail.com,http://www.orkinexterminatingcoinc.co.uk,Noel Sarra,gmail.com,True
375,Alton,Rampy,Reliable Metalcraft Inc,83 Battenburg St,Girvan And South Carrick Ward,South Ayrshire,KA26 0DY,01767568989,01506160673,alton_rampy@gmail.com,http://www.reliablemetalcraftinc.co.uk,Alton Rampy,gmail.com,True
381,Ashley,Tropp,Everythings A Dollar,3 Greenleaf St #5644,Blyth,Northumberland,NE24 2RY,01951324927,01602307715,ashley.tropp@gmail.com,http://www.everythingsadollar.co.uk,Ashley Tropp,gmail.com,True
385,Franchesca,Charry,"Cappello, A Barry Esq",59 Westminster Rd,Empress Ward,Hampshire,GU14 8AY,01748827176,01707624969,franchesca@gmail.com,http://www.cappelloabarryesq.co.uk,Franchesca Charry,gmail.com,True
386,Elmira,Ringlein,"Hyland, Richard S Esq",143 Clark St #802,Halliwell Ward,Greater Manchester,BL1 2PS,01934672498,01347140077,eringlein@gmail.com,http://www.hylandrichardsesq.co.uk,Elmira Ringlein,gmail.com,True
390,Angelica,Poisso,Chemical Consultants,47 Orry St #8243,Castleford Central And Glassho,West Yorkshire,WF10 4DW,01472449327,01758700994,apoisso@gmail.com,http://www.chemicalconsultants.co.uk,Angelica Poisso,gmail.com,True
391,Casie,Arzilli,Wenatchee Valley Fed Crdt Un,5 Noon St,Melton Dorian Ward,Leicestershire,LE13 0RG,01289195823,01372334070,casie@gmail.com,http://www.wenatcheevalleyfedcrdtun.co.uk,Casie Arzilli,gmail.com,True
400,Leeann,Flory,Fleetwood Area School District,1761 Johnstone St,Church Langley Ward,Essex,CM17 9TZ,01906807997,01997771926,leeann@gmail.com,http://www.fleetwoodareaschooldistrict.co.uk,Leeann Flory,gmail.com,True
413,Shelia,Plues,"Schen, Sanford E Md",9730 Dunnet St,Silloth-On-Solway,Cumbria,CA7 4RB,01818260618,01574927461,shelia@gmail.com,http://www.schensanfordemd.co.uk,Shelia Plues,gmail.com,True
415,Evelynn,Frede,"Hasselberg, Michael R Esq",8 Breckfield Road North,Seaham,County Durham,SR7 0AZ,01289621482,01571460710,evelynn.frede@gmail.com,http://www.hasselbergmichaelresq.co.uk,Evelynn Frede,gmail.com,True
418,Dusti,Maricle,"Garton, Jeffrey P Esq",59 Charles St,Victoria Ward,Kent,TN23 4GF,01642202972,01806219415,dusti@gmail.com,http://www.gartonjeffreypesq.co.uk,Dusti Maricle,gmail.com,True
420,Filiberto,Fredrikson,Westoaks Glass,404 Aigburth St #4246,Audley Ward,Lancashire,BB1 2AA,01559323337,01727322116,filiberto_fredrikson@gmail.com,http://www.westoaksglass.co.uk,Filiberto Fredrikson,gmail.com,True
422,Man,Homer,Applied Robotic Tech Inc,7 Canton St,Mildmay Ward,Greater London,N1 4RF,01590219449,01855550515,man.homer@gmail.com,http://www.appliedrobotictechinc.co.uk,Man Homer,gmail.com,True
423,Lennie,Asley,Air Tech Streamlining,79 Pine St,Radcliffe West Ward,Greater Manchester,M26 1GH,01585487560,01802349902,lennie_asley@gmail.com,http://www.airtechstreamlining.co.uk,Lennie Asley,gmail.com,True
426,Nell,Pao,"Madaus, Gerald F Jr",1730 Seymour St,Eastbrook Ward,Brighton and Hove,BN41 1QH,01308582144,01773576318,npao@gmail.com,http://www.madausgeraldfjr.co.uk,Nell Pao,gmail.com,True
427,Antonio,Heilig,Radisson Suite Hotel,35 Elton St #3,Ipplepen,Devon,TQ12 5LL,01324171614,01442946357,antonio.heilig@gmail.com,http://www.radissonsuitehotel.co.uk,Antonio Heilig,gmail.com,True
431,Talia,Marthe,Kenney Mfg Co,5 Minerva St,Westbury,Wiltshire,BA13 3QR,01711170147,01607480159,talia.marthe@gmail.com,http://www.kenneymfgco.co.uk,Talia Marthe,gmail.com,True
434,Cherelle,Sorrel,"Wiltgen, Nancy A Esq",794 Hook St,Benwell And Scotswood Ward,Tyne and Wear,NE15 7JA,01753327307,01212458253,cherelle_sorrel@gmail.com,http://www.wiltgennancyaesq.co.uk,Cherelle Sorrel,gmail.com,True
438,Shanda,Lunger,Western Packing Co,2476 Marsh St,Markhouse Ward,Greater London,E17 8NP,01329303595,01620180931,slunger@gmail.com,http://www.westernpackingco.co.uk,Shanda Lunger,gmail.com,True
456,Viki,Humeniuk,Guldstrand Engineering Inc,8822 Trafalgar St,Yalding,Kent,ME18 6JE,01721747819,01381985978,vhumeniuk@gmail.com,http://www.guldstrandengineeringinc.co.uk,Viki Humeniuk,gmail.com,True
457,Domitila,Weissmann,"Ciocia, James A Esq",28 Berwick St,Moordown Ward,Bournemouth,BH9 1TT,01606833878,01928189722,domitila@gmail.com,http://www.ciociajamesaesq.co.uk,Domitila Weissmann,gmail.com,True
458,Ivan,Aronov,Center For Pediatrics,94 Regent St,Over Kellet,Lancashire,LA6 1DB,01478392232,01410877250,ivan@gmail.com,http://www.centerforpediatrics.co.uk,Ivan Aronov,gmail.com,True
466,Diego,Augle,Farmers Electric Co Op Inc,4 Peover St,Walcot Ward,Bath Avon,BA1 6EF,01275397587,01933666689,diego.augle@gmail.com,http://www.farmerselectriccoopinc.co.uk,Diego Augle,gmail.com,True
467,Peggy,Khov,"Goldberg, Stephen M Esq",328 Pallas St,Longford Ward,Greater Manchester,M32 8LJ,01619237602,01648417310,peggy.khov@gmail.com,http://www.goldbergstephenmesq.co.uk,Peggy Khov,gmail.com,True
468,Walton,Yuki,Best Wstrn Host Mtr Htl Palm,9 Waltham Rd,Yealmpton,Devon,PL8 2NS,01872808403,01885290666,wyuki@gmail.com,http://www.bestwstrnhostmtrhtlpalm.co.uk,Walton Yuki,gmail.com,True
470,Tony,Diazdeleon,Dilling Harris Inc,529 Llanrwst St,Southam,Gloucestershire,GL52 8TW,01765102036,01877593275,tony@gmail.com,http://www.dillingharrisinc.co.uk,Tony Diazdeleon,gmail.com,True
472,Mel,Picciuto,Avante Limited,8598 Rumney Rd,Hylands Ward,Essex,RM11 1QL,01885270480,01268443299,mel.picciuto@gmail.com,http://www.avantelimited.co.uk,Mel Picciuto,gmail.com,True
480,Tijuana,Machalek,"Schwartz, Thomas E Esq",1149 Highfield Rd #996,Fareham South Ward,Hampshire,PO14 9JJ,01242532395,01336686264,tijuana.machalek@gmail.com,http://www.schwartzthomaseesq.co.uk,Tijuana Machalek,gmail.com,True
483,Derrick,Dolloff,Proto Tek Manufacturing,236 Blantyre Rd,Everton Ward,Merseyside,L6 2EN,01982734773,01619554437,derrick_dolloff@gmail.com,http://www.prototekmanufacturing.co.uk,Derrick Dolloff,gmail.com,True
494,Alesia,Katie,Nelsons Trmt & Pest Cntrl Co,4 Covent Garden,Farnworth Ward,Greater Manchester,BL4 7AF,01333436799,01240614527,alesia_katie@gmail.com,http://www.nelsonstrmtpestcntrlco.co.uk,Alesia Katie,gmail.com,True
498,Celestina,Keeny,Bfg Federal Credit Union,9 Milton St,Consett North Ed,County Durham,DH8 5LP,01877379681,01600463475,celestina_keeny@gmail.com,http://www.bfgfederalcreditunion.co.uk,Celestina Keeny,gmail.com,True
